,avg_roe,np_per_share,operate_cash_flow_ps,basic_eps,capital_reserve,undistri_profit_ps,net_interest_of_total_assets,net_selling_rate,gross_selling_rate,total_revenue,operating_income_yoy,net_profit_atsopc,net_profit_atsopc_yoy,net_profit_after_nrgal_atsolc,np_atsopc_nrgal_yoy,ore_dlt,rop,asset_liab_ratio,current_ratio,quick_ratio,equity_multiplier,equity_ratio,holder_equity,ncf_from_oa_to_total_liab,inventory_turnover_days,receivable_turnover_days,accounts_payable_turnover_days,cash_cycle,operating_cycle,total_capital_turnover,inventory_turnover,account_receivable_turnover,accounts_payable_turnover,current_asset_turnover_rate,fixed_asset_turnover_ratio
1992-4,,,,,,,,,,,,,,,,,,,,,,,,,,,,,,,,,,,
1993-2,,,,,,,,,,,,,,,,,,,,,,,,,,,,,,,,,,,
1993-4,,,,,,,-0.9115092099443932,-0.9166909344295179,,0.26059820087429536,,-0.8949807437727411,,,,,,-0.34344898348873754,0.3971005357705641,0.5062292358803987,-0.20888687885126347,-0.48055663935492265,,,,0.994121014927874,,14.680482048847244,16.207202804038484,0.06206384558277663,,-0.49852899930179684,,0.10444801714898182,
1994-2,,,,,,,,,,15.468688398906295,,,,,,,,1.7998693786154134,9.997491638795987,16.383625730994147,1.2660962877030162,1.5627,,,,,,,,5.7946058091286305,,,,5.389928986442865,
1994-4,,0.060806971017238004,,,-0.33574442435201923,-0.08769397329483936,0.1609316902649123,0.20508483570130398,,0.26368921783282007,0.01186118082256966,0.5228556753980482,1.5842090502479944,,,0.4371165644171779,,0.291122518702805,-0.3587299796977217,-0.387280580828968,0.13148492210947546,0.4606910365548324,-0.11626120358514724,,,,,,,-0.03662798825667552,,,,-0.004852249017419686,
1995-2,,0.24666666666666673,,,0.1131313131313132,1.9047310434219054,0.042323018715923644,-0.040774210570952076,,0.3198969683040385,-0.9793197070107044,0.26607921075883945,,,,0.06997084548104963,,-0.12161659251359468,0.025317418079525665,0.025317418079525665,-0.0640558008574903,-0.17789230495823702,0.068428931733585,,,,,,,0.08671755725190833,,,,0.10719337239846442,
1995-4,,-0.10119047619047615,,,0.10042347247428919,-0.9477848101265823,-0.05028633499197303,-0.053825111046284325,,0.2278982031276671,-0.13573186594814346,0.14738575085521563,-0.7181135915051181,,,0.09167556029882605,,0.27006760442590527,-0.06868349309647354,-0.04349782510874444,0.18706580775546294,0.5181693520740487,-0.15757054659059785,,,,,,,0.0037730372950223997,,,,-0.056267979911258446,
1996-2,,-0.1016042780748664,,,0.10042347247428919,-0.5787594823739401,-0.19024221930853635,-0.09852741811894596,,0.11922631505074263,-0.6272987867970004,0.0016510264746932098,-0.9937950758985113,,,-0.046285195277020796,,0.49638922966017013,-0.1338425033367938,-0.1338425033367938,0.298030903869821,0.9556852572416773,-0.2296189690576899,,,,,,,-0.10171396459679688,,,,-0.28679624053289543,
1996-4,,0.17218543046357615,,,0.0,16.87878787878788,-0.2965594960767659,-0.22686181661644428,-0.011004542396964677,0.11763200980930524,-0.4838392614239704,-0.13593923478814363,-1.9223331931119645,,,-0.2651187799393879,,0.06550948976233925,0.0711048158640228,0.3167633683550258,0.061183230474569056,0.14316359941289364,-0.05762355692057847,,-0.04782276675022451,0.5867614793041696,0.6116413187710522,0.11860472923482605,0.21377327356910653,-0.09006794853260087,0.05022407255177535,-0.36978556417266456,-0.3795142426696624,-0.24494962541978815,
1997-2,,0.14285714285714285,,,-0.0013743815283122607,1.0275423728813557,-0.29276814780726423,-0.14142179165145569,,0.007794649779279408,-0.934619965443779,-0.16979867169571788,-103.84615384615384,,,-0.27145632547331533,,-0.0033743809056948405,-0.04049310846674078,-0.04049310846674078,-0.003002370292336075,0.040897535094506506,0.003031925396029845,,,,,,,-0.1764153894275884,,,,-0.2650972364380757,
1997-4,,0.04519774011299439,,,0.7935678944474985,-0.8351694915254237,-0.2532877432930037,0.006756756756756781,-0.02989614300016045,-0.06614950968669471,-1.562346980413493,-0.08981033896761205,0.3393360257174174,,,-0.33085897487062826,,-0.10168560169262084,0.08666137706074216,0.165535310229844,-0.091847989571844,-0.1693827160493827,0.10113190988601119,,0.12453574131770265,0.6734652000308737,0.22184991370711085,0.488770252628391,0.42035912227181016,-0.2583412774070543,-0.11074359298068429,-0.40243758484329806,-0.1815693814823651,-0.32995757492815114,
1998-2,,0.0,,,0.7905312413982932,-0.7257053291536051,-0.48554007808357835,-0.22978410143805456,,-0.148711291505629,-20.077742142398975,-0.3627594696066838,-1.1364024523112621,,,-0.5098039215686275,,0.009599830391689266,0.06655960028551035,-0.15042826552462524,0.008611580726965332,0.0032919188701284823,-0.008570482184261645,,,,,,,-0.3319407519939232,,,,-0.38057103064066855,
1998-4,,-0.01081081081081082,,,-0.0032183908045976873,-0.9665809768637531,-0.482148003458324,-0.2226050432728958,-0.18623612544410398,-0.09024106509329048,-2.2149811035525317,-0.465651788637789,-3.4593141075604055,,,-0.3926441351888668,,0.1437520510971555,0.026123641083887723,0.03698784101358935,0.13199735011593247,0.2992865636147444,-0.11663578284598478,,0.3813531133581692,0.431732762761648,0.24682552924044335,0.46043812809393886,0.41334129988050156,-0.3337617823479006,-0.27607257446264805,-0.30154575534594313,-0.19796275336968835,-0.36856617647058826,-4.117636162745927
1999-2,,0.10937499999999999,,,0.3760184473481938,-0.24190476190476184,0.017473181243266085,-0.05546858263434566,-0.09465714209273089,0.36636270515441577,3.463590453967763,0.29888094308547103,1.8239106403976193,,,0.005333333333333338,,0.0589433497899005,0.3262506274050526,0.40222642302037376,0.05662353988790522,0.1472269263336157,-0.05358755395697186,,-0.14961841452617766,,0.012226232321926007,-0.8896674819398609,-0.699994615781036,0.07731665719158613,0.17594178082191791,,-0.012078938414426667,-0.004496908375491822,
1999-4,,0.16939890710382516,0.01843317972350232,,0.4100553505535056,38.53846153846154,-0.21419737818451648,-0.28946229943182367,-0.20857212003872222,0.22405320236479367,2.0535192856571887,0.03602457761552742,1.133446194795888,,,-0.3093289689034371,0.062496495027413446,0.017918418494618605,0.20200822264389634,0.2282983545176865,0.01921482565227998,0.06213965406790525,-0.018823896095374392,0.20835894283958212,-0.2518998063720178,,0.004100170970373841,-0.9110870532934341,-0.7330815696610035,0.10578778135048227,0.3367194854094761,,-0.004083814410947166,0.029112081513828266,
2000-2,,0.023474178403755996,,,0.024578259412356182,0.1595477386934672,-0.5256906077348067,-0.43369331960849317,-0.19084488312302375,0.02498347960144816,-0.9318080701380871,-0.4912632322208803,-2.643674238241976,,,-0.5039787798408488,,0.05117277976964814,0.04869433581430564,0.06545835829838238,0.054927622446956294,0.11154165513423747,-0.05205475583384438,,-0.17486860177639404,,0.20589681350630448,-1.1051665810141469,-0.17486860177639404,-0.16253298153034298,0.21192816405775994,,-0.17074220768038578,-0.1854884246188595,-0.990544782230081
2000-4,,0.009345794392523372,1.3571205007824725,0.11111111111111122,0.0025079053538326996,0.1381322957198444,-0.07723481271639909,0.09712074470963895,0.29894990489820145,0.4469018477348476,-0.8971984307284437,-0.0677621997413793,0.3535850609984281,0.0964839927085621,,0.042654028436019106,0.24407814723186436,0.04933058741864847,0.025192396237584687,0.06746350072196379,0.05679697593186278,0.11382043770463543,-0.053764070069258416,1.3175465838509317,-0.017555502330288433,,0.2256029396542802,-0.6806267575072241,-0.017555502330288433,-0.15905786565862162,0.017869193979049833,,-0.18407436827754992,-0.18261826182618257,
2001-2,,0.0,26.088607594936708,,0.0025079053538326996,-0.09209100758396527,0.6799650553290623,0.5838750423611325,0.7116065885102808,0.49151137667636335,4.203658487771684,0.8025337895909687,2.6550584920907947,0.8209855478053636,,0.818181818181818,0.8396643118924946,0.044421848146590046,-0.0872127992301215,-0.0574300576409392,0.05277255639097737,0.10474767596281528,-0.050108209217254764,23.666666666666664,-0.03413729045660651,,-0.32779550595945134,65.97586641084062,2.1022276573975227,0.06049149338374289,0.03534418022528149,,0.48764406603675636,0.05441941074523414,-0.9997139367927794
2001-4,0.3052391799544421,-0.03240740740740754,1.75284837861525,0.1999999999999999,0.002827931259517127,-2.230769230769231,0.26150172685797135,-0.14441457218262085,0.2654644757286123,0.20003589445569728,7.804280814483566,0.14790293872836707,5.168300134087171,0.06416319327087426,-0.3349881845694624,0.30227272727272725,-0.002606926408489563,0.1545059828809929,-0.3208648787373284,-0.3178026602540016,0.22964774065018567,0.4692504061267116,-0.18673857924076573,0.9388753056234719,-0.2932239827397971,,-0.27231104129453443,20.868856262221193,1.5717297687429594,0.47475795297372053,0.41487460363217066,,0.37421391922115504,0.4468371467025571,
2002-1,,,,,,,,,,,,,,,,,,,,,,,,,,,,,,,,,,,
2002-2,,-0.009174311926605512,-0.19392523364485986,,0.0031542310202306,-0.977326968973747,-0.05431328364245673,-0.23182781894925206,0.02048059517840063,0.1308760637976189,0.006715229648546635,-0.0007678147829970883,-0.9107578815574078,0.07390968062177694,-0.9099741043087214,0.07352941176470588,-0.2064681874246434,0.1203650853286707,-0.2793226146547181,-0.29890372138116184,0.1754675713074142,0.3513148009015778,-0.14928445973797871,-0.39999999999999997,-0.05587777067985347,-0.05095437512401725,0.29854512284231965,-0.15422765746873465,-0.05248724914129788,0.23113487819370165,0.05918475895749736,0.053689839572192415,-0.22990752050253005,0.1863905325443786,0.10955435516542869
2002-3,,,,,,,,,,,,,,,,,,,,,,,,,,,,,,,,,,,
2002-4,-0.045375218150087375,-0.028708133971291894,1.037567653613499,-0.0833333333333333,0.008676789587852502,-0.5361111111111113,-0.1368552693841682,-0.12407749077490766,0.04113151667584432,0.0855673693059015,-0.6992243169008181,0.1782675458577968,-0.5967469034402236,0.06198908534923245,-0.03388245562084061,-0.038394415357766255,-0.031097897604373096,-0.023960948307791604,-0.12385451110061407,-0.13923771755893374,-0.039509536784741284,-0.077870794503238,0.04111106886606439,1.1702395964691048,0.1476878273839552,-0.1611347642323471,0.23570322893258222,-0.18489230111737687,-0.07626254943147709,-0.014771395076201576,-0.1286826127704657,0.1920864469652169,-0.19074425105788195,0.0019933554817276504,0.06319336017750017
2003-1,,0.14237359847683526,,,0.008348693483682142,-0.21828908554572282,0.7158610078215155,0.4794106633265758,0.25317589914617444,0.11301179174978103,,0.8210885875312303,,,,1.2513161540592963,,-0.01976073196937594,-0.07675256303685227,-0.0878269292864062,-0.0315471698113208,-0.06616442843105153,0.032606247234007485,,0.0436937053191216,-0.24494554038577837,0.05563458122396077,-0.2534186770203352,-0.15402596932295665,0.15988083416087392,-0.041863989391930305,0.3244078269824923,-0.05270283338168455,0.22690992018244016,0.12696912413358538
2003-2,,0.0,0.3234782608695653,,0.007698145939499073,-32.315789473684205,0.9350522392619295,0.6407292523896942,0.3385270010315315,0.23846735023883692,0.0875408783887038,0.9848182056066421,12.594184123484013,0.8316746634443946,10.252536869165201,0.8493150684931507,0.2959686744340216,-0.004156314841655304,-0.10341044162018824,-0.12349750026592925,-0.006759322548796163,-0.016512843322584264,0.006788873410421264,0.3445945945945946,0.09034354349968968,-0.2625197040021018,0.13735598223852452,-0.2822786011678755,-0.15305066125031622,0.1795366795366796,-0.08285779502396723,0.3559683313032888,-0.12076856845062771,0.24438902743142146,0.14011866727521674
2003-3,,-0.009132420091324209,,,0.010517185297625548,-2.8591065292096216,0.4775928297055058,0.3435620557681793,0.19089642857142866,0.1273369019106213,,0.49945426309189983,,0.4024266206555923,,0.43326488706365507,,0.0005281554417232302,-0.08437640702386323,-0.0995738488722586,0.0008197041258440964,-0.007572692063124972,-0.0008249408835064602,,0.06777043483463421,-0.15010409957778736,0.09672904456777762,-0.16341636397120768,-0.08263983073416199,0.09980620155038773,-0.06346942413977537,0.17661477310367668,-0.08819761032150421,0.15928715781738012,0.06819118252987219
2003-4,0.5722120658135283,0.054187192118226764,-0.21875000000000003,0.6363636363636362,0.00720430107526874,-0.2531645569620253,0.5300152719583349,0.2732194576092679,0.013529788047615086,0.16867858523969748,1.7655015247401382,0.6596891207703925,2.52674780482383,0.5807654744938333,8.368839632838084,0.5698729582577133,0.07147600948654408,0.006621367410482567,-0.05908992883329735,-0.07217814179677502,0.010772474602261927,0.026493091241292677,-0.010650563439065031,-0.252178965717606,-0.08621627721878374,-0.25432962760613803,-0.006652038287376133,-0.2973702607428121,-0.19692671883854096,0.20180866254164678,0.0943506523874106,0.34107513303869397,0.0066958476280612,0.24655172413793097,0.17460194775081156
2004-1,,0.0046296296296295305,2.1272727272727274,,0.00720430107526874,-1.6561743341404358,-0.6281572261246451,-0.6711704634721131,-0.44828052662236745,0.178183800774029,0.5766821222525043,-0.584137332338804,-1.7114173981139682,,,-0.5907692307692307,-0.5279472874653657,0.018433836600611066,-0.13005202080832332,-0.14100294985250744,0.02973036159601008,0.05465918391207772,-0.02887426056383201,1.9661016949152548,-0.22220573689416417,-0.11736464314572732,-0.16764336451365022,-0.15171523689523125,-0.15810732127498894,0.13099315068493145,0.2856860419137998,0.1329704510108865,0.20140873826051453,0.1533457249070632,0.10064299692479725
2004-2,-0.7890855457227139,-0.009259259259259267,-0.6478318002628121,-0.8,0.01022164837529584,-1.458823529411765,-0.8297496132108237,-0.8450379264312116,-0.5177261756918247,0.06224129518212544,-0.5627085777718449,-0.7883379738549171,-1.7992120795544173,-0.7920548209475928,-1.9523611987855831,-0.7866666666666667,-0.5878916547862165,0.034903016595891345,-0.13094024066897825,-0.1678398058252427,0.059756843554060204,0.10119283170331848,-0.056390377618572955,-0.6767169179229481,-0.21642848851744706,-0.14321444315967127,-0.12512894251508236,-0.2058276041607285,-0.1724549718415208,0.09860883797054014,0.2762070681931309,0.1671532300321879,0.14302649211421495,0.1140057893564907,0.027755537763544225
2004-3,,-0.013824884792626639,-0.24059829059829066,,0.007403433476394748,-1.6931608133086873,-0.8263909639634256,-0.8470827610763518,-0.46261069842345653,0.13608669777311508,1.1706889126377746,-0.7930171455467592,-2.584126711439427,-0.7987836501502564,-2.984916519020841,-0.7908309455587392,-0.5096131011210071,0.0535712821992457,-0.13237608182533434,-0.18861826157220363,0.0914586583463339,0.15284249767008384,-0.0837878100248969,-0.3312101910828025,-0.12208560525673756,-0.1783019829823343,-0.10092211024521607,-0.19176200423682888,-0.15804064054849334,0.13538913362701901,0.1390633923472301,0.2169922864703565,0.1122512336198164,0.13692551505546757,0.08042430086788828
2004-4,-0.7267441860465117,-0.0700934579439253,-0.18000000000000005,-0.7222222222222223,-0.28813921212768234,-0.7438672438672438,-0.7494625307125308,-0.7718137286580243,-0.3961172442730059,0.14835960221416622,-0.12045957113807876,-0.7291820757963114,-2.1462237020625494,-0.6961265954598294,-2.198638003323203,-0.5502890173410404,-0.41225048797434194,0.24701517424036173,-0.10279624111849645,-0.21393103448275866,0.6786012288553439,1.1575258649460451,-0.4042639021084854,-0.5905205905205906,0.08370752482404102,-0.0724575070646028,-0.07278546465383057,0.03374278042980483,-0.01178335278789508,0.098019801980198,-0.0772419392748019,0.07811816928405688,0.0784995769483876,0.11075646345355898,0.011647035599131439
2005-1,,-0.0921658986175115,-0.40406976744186046,,-0.2880324543610547,-1.3701002734731083,-1.2341237942122187,-1.1913521261347348,-0.15861316680927284,0.25736547477161154,0.444377721905446,-1.411835641810505,-1.4169604048365367,-1.4168077902342775,,-1.6917293233082706,-0.46482285445837557,0.24004980727031716,-0.10326586936522537,-0.21950549450549442,0.6510387104098081,1.1132974890527134,-0.39432458430671985,-0.6857142857142857,0.2718573154447763,-0.14745409437314588,-0.09378583823381334,0.06680674509453155,0.0030896496477385137,0.22331566994700983,-0.21374750115331387,0.17295813315030883,0.10349222533775164,0.2377115229653504,0.052324104648209316
2005-2,-0.8671328671328672,-0.0700934579439253,0.42786069651741293,-0.8766666666666666,-0.29076578975396733,-0.6719070403280929,-0.6913946587537092,-0.7291106463499651,-0.021523661451754043,0.16255794445270377,1.6117510965440789,-0.9210596914675973,-0.16835672008706923,-0.9131185194599192,-0.15284797141612633,-0.8680555555555556,-0.28466125931446623,0.21094671501559661,-0.07322224829852149,-0.15866997229108942,0.5969190807749196,0.9917860259766929,-0.37378519672467414,-0.227979274611399,0.35692075407197443,-0.03812417817154324,-0.12274595516305015,0.293052244312771,0.11126678096820185,0.13891992551210428,-0.2630367799056125,0.039635710620831245,0.1399197366641116,0.15010993403957637,0.03635419371591798
2005-3,,-0.12149532710280384,0.0016882386043893906,,-0.26850569815741826,-1.4646533973919011,-1.8473321858864027,-1.7761293327123944,0.026591440513859442,0.08191535781667476,-0.39806888240610794,-2.353437122435663,-1.967700566318251,-2.4268509922064565,-2.0381817863151994,-3.3698630136986303,-0.39116584769612883,0.20358847244849196,-0.12842892768079794,-0.20742637644046086,0.5777023405395745,0.9703920776071139,-0.366159107382231,-0.4214285714285715,0.3747280830988688,0.013218768537857768,-0.006016806214214936,0.25093155772346426,0.1490769792739459,0.09156751163993788,-0.2725829364084566,-0.013046495489243581,0.006052415089904792,0.12447727906328399,-0.03471974294894694
2005-4,-6.676595744680851,-0.17085427135678397,-0.2926829268292683,-5.999999999999999,0.03419316136772652,-1.2863053371948694,-3.4065788129533146,-3.4552251486830925,0.09441288265827447,-0.03692110705727503,-1.2488608789431115,-4.1441432453916685,-4.764887674818565,-3.9664271758099847,-4.697849673981902,-4.845758354755784,-0.6905848552582984,0.022999776500514782,-0.17741729467364928,-0.2116160729952623,0.08552126169280128,0.1399401876869134,-0.07879211680511976,-0.23339658444022768,0.33566457894225427,0.08274148517893477,0.09806135989058266,0.25238506833313573,0.19050415589486927,-0.019837691614066743,-0.251308294354652,-0.07641921397379917,-0.08930439330543927,0.00450191570881219,-0.11311304800312226
2006-1,,-0.1624365482233503,1.2146341463414634,,0.03418803418803408,-1.1026923076923074,1.717596566523605,1.827854071299764,0.24322041962034352,-0.1875011759343116,-1.7285411769277095,1.1057923636044689,1.7832297802294317,1.0697311378707945,1.7550289100569731,1.391304347826087,0.6801017648079535,0.030898665040671437,-0.1527314696075918,-0.15892291446673715,0.11596993032636602,0.1790641556942769,-0.1039181465159912,1.2363636363636366,0.2682619218052289,0.2219353846387555,0.1943157369181285,0.2702383265463088,0.2430243131380737,-0.1330445544554455,-0.21151965577938583,-0.18162668227033352,-0.16270116270116275,-0.11035156249999996,-0.1638909003137823
2006-2,-8.105263157894736,-0.2060301507537688,-0.13327526132404177,-6.405405405405404,0.03574110226760765,-1.3671300081766145,-4.4501201923076925,-4.90422794117647,0.0699858207678854,-0.18060440145873977,-2.1110126847033057,-18.266547990982183,-18.832093457538054,-7.785540573904256,-7.526315847113026,-8.368421052631579,-0.17852823252668967,0.0343720610576576,-0.1633324892377816,-0.14352574102964116,0.1334914718174631,0.21191814011031498,-0.1177759481568045,-0.10067114093959728,0.13265759216823267,0.25951751850190824,0.1523387521505566,0.2265524035664536,0.20093899398902298,-0.11608894702419892,-0.11712093146335012,-0.20604565083281928,-0.1321993670886076,-0.08724365658672231,-0.157354046604861
2006-3,,-0.398936170212766,-0.4438202247191011,,-0.63351776354106,-0.28376496797549444,-1.243956936827138,-1.3834219098234184,-0.035383076571826176,-0.09705870928079083,-2.1848745650979673,-0.8636993465378674,0.6330052599665935,-0.02004791675845385,0.9917390890499664,-0.19653179190751438,-0.13724294780962348,0.04750946659961304,-0.19209259981792176,-0.19475857117214151,0.19367186084435592,0.2936048002461666,-0.1622536877845036,-0.2839506172839506,0.06713776817433978,0.11890221981677339,0.06789430631384705,0.11010112975991848,0.09562850560156977,-0.05853080568720379,-0.06291403408003059,-0.10626728542633483,-0.06357689387302137,-0.01884219660344613,-0.0915395284327322
2006-4,1.2413793103448274,-0.30303030303030304,1.0,0.9536,-0.6383410672853828,0.4846181686572566,1.0115035232192886,1.0109811520981844,-0.02604047183350313,0.007022531405887336,1.190216949703421,0.9352495075898016,1.2230310667192579,0.6372783978924087,1.1606680269169205,1.2212566844919786,1.441521897530296,0.007252599595379878,-0.04596273291925477,0.022256843979523724,0.028370418167058743,0.05764881490863039,-0.027591210016046305,1.5099009900990101,-0.14399585419260036,0.0921364857028882,-0.10157989436415336,0.026706518532548268,-0.020739569787126103,0.046550137994480205,0.16821822905390788,-0.08436339074636948,0.11306532663316586,0.09363974444550402,0.024789145581224827
2007-1,,-0.24242424242424238,-0.22907488986784139,4.263157894736842,-0.6385384949978252,0.6325224071702945,1.600478468899522,1.8476876675603218,-0.05889978474049275,-0.09001853119344473,0.519901227193455,7.086171166792421,5.40823138528765,10.9924579715336,9.275908616278297,1.5555555555555558,0.36035115164678255,-0.014712563252947612,-0.07446647495080962,-0.07428332287089344,-0.05386921876283573,-0.05514648633016716,0.05692569130314113,0.032520325203251974,-0.14794438322537876,0.25435022972010135,0.07919899669188639,0.061351313097847186,0.06749802659858002,-0.08708065667380434,0.17363264293687214,-0.20277420277420283,-0.07338605848813673,-0.025612879619465814,-0.0816974595842956
2007-2,1.7407407407407407,-0.20886075949367092,1.7135678391959799,1.625,-0.6385384949978252,0.6509499136442142,1.538582128549033,1.5193747351570224,0.1842515056513489,0.0382228702987357,1.2116398307900156,1.2613538231063703,1.0690526748677418,1.6444406526663877,1.2112173065429879,1.7142857142857144,0.7976813476007744,-0.02029611774770672,-0.051755447941888626,-0.09370572758550902,-0.07537768565392444,-0.08798383666524892,0.08153834575148641,2.6865671641791042,-0.13850419876794123,0.017794210071350035,0.05496566702498723,-0.10238221389717307,-0.050274296821773215,0.036995930447650795,0.1607720896774967,-0.017482517482517456,-0.05210137660680102,0.09729626808834736,0.049212013083556376
2007-3,,0.13274336283185853,4.353535353535354,1.5423162583518932,-0.009535160905840228,0.627765726681128,1.8689236896895085,1.7821614817478868,0.5109017238755923,0.10841453066190153,2.1170009993921224,1.5420935055371332,2.785453033985219,2.040780852088758,102.79474261771747,1.9154589371980677,1.5947592443330498,-0.03411505964766781,0.01142949130714745,0.017164511814534072,-0.1271464622507257,-0.1610172851252776,0.14568203138999267,4.557471264367816,-0.18008487250091096,-0.05623200645702063,0.023818345921808957,-0.17788058268922932,-0.1104692123432436,0.11074754593506177,0.21963877084014388,0.059582502884716206,-0.023265242476220246,0.14617814276689833,0.14890585241730278
2007-4,0.5248447204968943,0.052173913043478314,0.12068965517241391,6.172413793103448,-0.0012028869286287989,0.14676966292134833,38.8339483394834,35.71428571428571,0.560693040020158,0.060191203027109355,7.570553894347144,6.060709944247523,5.48031007751938,1.9299936903045556,2.028496197891658,0.46827794561933545,0.6676516381613953,-0.019800726432020046,-0.020182291666666616,-0.1434792074896581,-0.07237987288993233,-0.10518550197797503,0.07802749959239734,0.2564102564102565,0.021002279959751832,-0.06261442584677948,0.054045253920180274,-0.06964447818400911,-0.027674894954298968,0.0859704641350212,-0.020570793180133457,0.06679699026261444,-0.05127378265075785,0.1283459761095126,0.0896013740785801
2008-1,,-0.02400000000000002,2.142857142857143,0.4999999999999999,-0.0008022462896109336,-0.16426082628173222,0.3091076356945722,0.04042365401588702,0.3867650721521626,0.2099457847068898,3.3322409713504926,0.2681359702174424,-0.9621606647652167,0.03495884225670434,-0.9968197285811782,0.30434782608695643,0.020080119509368537,0.0034191811335793085,0.017170891251022,-0.049276672694394306,0.012502984653454572,0.007863634223289617,-0.012332768215825648,2.2677165354330713,0.06565321484260413,-0.3293635209217332,-0.15220910601290624,-0.1993241283546155,-0.18291993172276078,0.2587959343236903,-0.06160836943886718,0.49112107623318396,0.17953552997221103,0.2666165978220053,0.26721156868909157
2008-2,6.0,0.03200000000000003,0.7037037037037037,6.279999999999999,0.0004011231448055224,0.16378030677882233,3.9595730918499363,3.105067536941347,0.4161771941359086,0.17712056034577284,3.552442246814745,6.312726362344439,3.99312484837722,5.843396926494487,2.5534245375784232,6.0,0.5464528519449564,-0.0028873954036234767,0.028886051707628476,-0.04443948191156761,-0.010411277806518224,-0.030501597369586974,0.010507710293380908,0.7530364372469636,0.1690412668359223,-0.2883677277223272,-0.11397504369836617,-0.10400180173517849,-0.10767056175649622,0.20799143774527298,-0.14459822350753967,0.4052194543297746,0.12863669151238283,0.21013361096651045,0.2211988096925039
2008-3,,0.05468750000000005,0.5283018867924528,2.4907597535934296,0.0004011231448055224,0.4009324009324009,1.8391499114491092,1.410290601434615,0.23638235337998126,0.1847296093977794,0.5806853295208229,2.5880923669202707,0.6536209854911569,2.255862079696565,0.10539151432711293,2.3720316622691286,0.3300720517351245,0.002933750396107477,0.09040267388190366,0.0657462195923735,0.010673448980479141,-0.0075605434140578924,-0.010561954881683924,0.47466390899689775,0.11828359941367264,-0.28078617225127406,-0.17422885618306996,-0.08561738453204784,-0.11970380814906864,0.17811012916383412,-0.10577277448319766,0.39040689040689036,0.21099013378460363,0.1395502645502646,0.22262579730687462
2008-4,2.9674134419551934,0.17355371900826444,0.6307692307692307,3.366666666666667,0.028101164191087942,0.8020576131687243,2.7021769337656325,2.1919775692378116,0.18810039414987512,0.15939638117049199,1.6263727135286008,3.6128230518280486,-0.4315789734206059,3.3142181553652335,0.71721673746136,2.7860082304526745,0.41990063223330226,-0.024503584018500814,0.11096345514950162,0.21453990849008633,-0.08071132445996079,-0.12290302537876967,0.08779720984802643,0.5879120879120878,-0.02186508327989613,-0.29847897136943996,-0.12836552370024956,-0.2054698377193984,-0.1771084522055309,0.15978630403108307,0.022354372212461143,0.4254745358365313,0.14726943122592334,0.13321999845452429,0.19599343185550083
2009-1,,0.180327868852459,0.18181818181818185,0.8,0.028101164191087942,0.8631893971782814,0.22171468728039348,0.28735437167741207,0.07266482912311045,0.013610519792773744,-1.0321987558705572,0.8319103331856378,2.1025673538801204,1.312575248000967,36.54612546125461,0.5583333333333335,-0.2234922240208745,-0.028752070039574293,0.10385852090032154,0.17546362339514987,-0.09531568228105913,-0.14352457484582326,0.10536086609729138,0.16867469879518068,-0.05047093577395088,-0.13451353263590368,-0.05749435132326286,-0.11445598211664967,-0.09387803197853599,-0.05093167701863362,0.05315315315315317,0.15541922290388546,0.06100126209507784,-0.11088052179069074,0.014388489208633023
2009-2,-0.32142857142857145,0.04992248062015505,0.5915217391304347,-0.21978021978021983,-0.47514033680834006,1.040828402366864,-0.37091620476035214,-0.2642271934279973,-0.05096970964052483,-0.06905837121280982,-1.4907188175256312,-0.20337820318068034,-1.0349280052485688,-0.1999489912941222,-1.0342179386408283,-0.2471428571428572,-0.37731831507483404,0.012139165076024803,0.09942608965410257,0.2026174339799017,0.045590189287503496,0.0471677690920025,-0.043590838348919546,0.4341801385681294,-0.03764813277702832,-0.06256860809476802,-0.020901325662994595,-0.06622662645928708,-0.04967104730498832,-0.14500886001181343,0.03912098526925861,0.06674545556868706,0.021346399659139342,-0.20361342127903645,-0.06590856347180316
2009-3,,-0.5481481481481482,0.03703703703703693,-3.958823529411765,-0.5417000801924619,-4.697470817120623,-3.872894727185998,-4.09563326274824,-0.09487034064992589,-0.08782537260593319,-1.6098441967672288,-3.857859478222759,-2.5206516449356267,-3.9156163460278512,-2.7357515663635454,-7.4843505477308305,-1.5518474469584331,0.14003098436512618,-0.057801780761932674,-0.0980876002467613,1.044996020906373,1.300702297345554,-0.5110094472959905,0.009116409537166869,-0.09974051393069497,-0.23043808453751968,0.04727248719612738,-0.28237100410721744,-0.1634203396617576,-0.07193691094441247,0.11079055826152119,0.29944106233756984,-0.04513934663959707,-0.07438576126910434,-0.049706543004130126
2009-4,-2.81570841889117,-0.45070422535211263,-0.07547169811320761,-2.4198473282442747,-0.5868801249511909,-8.037422037422038,-2.3818341048417366,-2.4536686804223513,-0.09587013677587074,0.0059810242532336135,-1.0437425672427316,-2.3179139593438065,-1.6876261053951558,-2.5480252446091094,-1.7688163542651691,-3.6059076086956527,-1.1260384354832957,0.15121806025592446,0.2084330143540671,0.23084972791963154,0.9450998077425176,1.1905838759774408,-0.4858838944525664,-0.22046465645081562,-0.10099629449469287,-0.2706706124337473,-0.05932593118675774,-0.2605956852409098,-0.18217708612443073,-0.049413735343383565,0.11234202316112306,0.3711222683062893,0.06306662189654154,-0.07603136720081824,0.055961337799989075
2010-1,,-0.38888888888888884,-1.653846153846154,3.666666666666667,-0.6977743069113628,-8.393749999999999,3.94535519125683,2.672626630936168,0.04072741437812018,0.45094747179354083,67.70813609467456,3.6901586922490015,3.435767090190044,3.0355558701402496,1.3126724187189307,6.63994652406417,0.5000789339407486,0.1409875167917172,0.41246722982813866,0.39886731391585756,0.831346714377118,1.1637028147501638,-0.4539592784048951,-1.511340206185567,-0.24004505585741734,-0.4722234080246571,-0.11965913755973984,-0.4960013629608638,-0.3545849077564017,0.34620418848167545,0.31586826347305375,0.894742321707444,0.13592386994448852,0.3117705901967323,0.5972120322817316
2010-2,3.261052631578947,-0.2985823981098642,-1.3838273459909851,1.71830985915493,-0.33078686019862485,-36.08695652173913,1.6800041463667459,0.783090221501891,-0.1532652571969132,0.6139722724705983,8.190293831758188,1.6426818255124929,8.467415219565414,1.4434893090006868,8.219285917909065,2.8503795066413664,0.17943545686632215,0.09828540535624519,0.32533860045146734,0.23085891954916446,0.5961626598891713,0.7927232635060639,-0.3735011472403828,-1.3051529790660226,-0.2880542981233183,-0.47159384089181117,-0.20335674058172312,-0.4792104093795626,-0.37540142327352904,0.5032815198618308,0.4046014408552174,0.8924821946715907,0.25526678069333775,0.5511343176089306,0.7889440993788818
2010-3,,0.5852459016393442,-1.5357142857142858,1.4493041749502982,-0.3027121609798776,0.6301861021000512,1.3813398045852225,1.2303321624453072,-0.38410057459771496,0.9468125457590655,10.059631227932522,1.4531963626686761,1.3747551719167006,1.401005268737263,1.35779938584376,1.2824303125377097,2.0318897460907777,-0.02397119433542234,0.3964368706429125,0.2685818513451893,-0.16938723995035646,-0.16375037509959536,0.20394386552065105,-1.4002779708130648,-0.3945884337158895,-0.4901314811159808,-0.47451200259675114,-0.40684278286431025,-0.43741070573822044,0.6555440414507772,0.6517691503356158,0.9612876712328766,0.9029959961341985,0.657853485212666,1.085245901639344
2010-4,1.6793893129770994,0.26923076923076916,-1.5918367346938775,1.6317204301075268,-0.501890359168242,0.5753393144697493,1.5773834314169308,1.313861141941053,-0.5163842029425891,1.0798210248309725,157.15632682574116,1.6570817240037827,1.6995165680553304,1.2938394072313788,1.5077811245965014,1.495252217474092,5.321239432913392,-0.00858796341117557,0.019673348181143312,-0.06971603468797812,-0.0581947308691992,-0.030434944838994636,0.06178960394011158,-1.4781230183893468,-0.520552859894168,-0.5740888463169135,-0.5113796232756391,-0.5693949529839557,-0.5433955589383368,0.8396475770925107,1.085736017684391,1.347903767910844,1.0465794656460183,0.9936531365313653,1.1434366548783026
2011-1,-0.9440832249674903,0.13636363636363635,1.1176470588235294,-0.9285714285714286,-0.31912144702842377,0.4131736526946107,-0.9033439953474848,-0.945311004784689,-0.7058166870231013,1.1080303894653247,1.4571180205212584,-0.9320079550859911,-1.252565810849885,-0.9515552345093422,-1.313469756446595,-0.940028138058474,-0.6697803214885405,0.0030151550306569807,-0.18962672716023918,-0.2660497397339502,0.0207036658428332,0.010853397201563099,-0.020286248628263132,1.096774193548387,-0.524497812951647,-0.4815553259337597,-0.5363049802965386,-0.47654492877798005,-0.5071744145449324,0.7671366067087992,1.1030391678855844,0.9288422440793449,1.156590337894443,1.1799694966954752,0.9862195682131372
2011-2,-0.9402173913043478,0.05473684210526321,1.2448398576512454,-0.9378238341968912,-0.3984018264840183,0.28748451053283774,-0.9075191459735437,-0.9422141426383208,-0.6894228377938898,0.9404966258373996,0.5318239268240246,-0.9374932813582233,-1.5707087555595058,-0.9496394010514105,-1.6578775453086239,-0.9407929428578469,-0.7217296008176708,0.016332675471888967,-0.14711517990206513,-0.16450899905273123,0.12208460042548198,0.13783825338253372,-0.10880658310092246,1.2031662269129286,-0.5104789534477663,-0.503720724455144,-0.4789244489765215,-0.534371002855957,-0.5077580147698352,0.6004136029411766,1.0428110522832559,1.0149977698483497,0.9191093386507148,0.8812536273940801,0.8247343934448998
2011-3,-0.9293236301369863,0.04446742502585319,1.0222222222222221,-0.929203539823009,-0.3337515683814303,0.21975992613111717,-0.8887028167598888,-0.9113602311643835,-0.5394605827092082,0.552548958552082,-0.4164116884749153,-0.9271497349402728,-1.6380075364919804,-0.9384566367195067,-1.6698455751407024,-0.92999359111301,-0.6967782531384573,0.02263520553623076,-0.1538717550477035,-0.12598849748382457,0.18499993668722214,0.20507077806374968,-0.1561211757458973,1.0173611111111112,-0.31101026918989116,-0.3385883556976691,-0.2020082904516866,-0.40995072147854195,-0.32221242168997793,0.2557586379569356,0.4513988156013885,0.5119225557712993,0.25314508756910487,0.5043494704992434,0.46072838964458107
2011-4,-0.5197669579692052,0.12121212121212133,1.379310344827586,-0.4851063829787234,0.05502846299810247,0.5411700975081256,-0.5693721382424889,-0.5468940316686968,-0.44113394678881723,0.19099587515089703,-0.8334399868126291,-0.42749116241399504,-1.2921177105297144,-4.374172269510061,-4.380769941236893,-0.5411699309798835,-0.4967344142498287,0.014874206285836954,-0.11066618128867863,-0.11113142021568272,0.11102617258357081,0.11493957975216153,-0.0999251352582061,1.3037135278514589,0.018242045917111392,0.09971869204705913,0.19547524049641388,-0.08276707925677383,0.05066955835267818,-0.04964878671775209,-0.017914734071043697,-0.09067484385241888,-0.163511906383056,0.03668468201673205,0.15497161158829523
2012-1,-3.5348837209302326,0.09000000000000008,-7.5,-3.666666666666667,0.05502846299810247,0.38378684807256236,-2.298435619735259,-3.099737532808399,0.062377232142857085,-0.22757735780855318,-1.2127803398824941,-3.291898447001576,-3.080165620895958,-6.112631235379518,-5.4238336197066905,-3.5683940242763774,-0.8308236017209588,0.018607990820256323,-0.08321669423590788,-0.10185185185185189,0.14701892724483728,0.1546806998291578,-0.12817398026393634,-6.541666666666667,0.5979255748952579,0.707763233848698,1.193964585185363,0.13279411764705873,0.6445384980807649,-0.38156808803301234,-0.3741885625965997,-0.4144375124633223,-0.5442038134084362,-0.36765391791044777,-0.20189639222941708
2012-2,-5.256198347107438,0.0578842315369262,-2.699127906976744,-5.416666666666667,0.05502846299810247,0.2005797101449275,-2.9807611877875364,-4.226332653655694,0.193756621578338,-0.2431185016852181,-1.266493141392264,-4.667816173185142,-4.781847971131518,-9.970782524562438,-9.499550881966726,-5.179124354919262,-0.8024739726810077,0.01785591019424342,-0.09061407888167748,-0.07766439909297057,0.15695625370755925,0.16195977749251178,-0.13565748183811213,-2.3896103896103895,0.570683846044097,0.7368778235116956,1.0291649289403613,0.2342610418744595,0.6381442005043252,-0.38607322325915294,-0.36333448073379637,-0.4242550012451233,-0.5071866449624216,-0.3686061578330351,-0.21538929903341208
2012-3,-4.918837068443368,0.02970297029702973,-23.0,-5.375,-0.11111111111111116,0.08579881656804741,-2.9690039121275955,-3.9076365831572595,0.10068856927993977,-0.20894781355172204,-1.3956698862906276,-4.43426868646418,-4.645606428301785,-10.680343937789196,-10.380749464280198,-5.11547146780592,-0.7156832772852338,0.00801999231925911,-0.2268257506227875,-0.2568373432037837,0.07185065663635486,0.06608549220137809,-0.06703351207688783,-21.7,0.4365852374434032,0.5476789866110799,0.7873487848410601,0.17783685815867073,0.48062096799822035,-0.32289901305951557,-0.30390432641575804,-0.3538721658628527,-0.44051271956740734,-0.27349675256651995,-0.18088515069590463
2012-4,-0.9116117850953207,1.661171171171171,-1.2109090909090907,-0.8677685950413223,32.60971223021583,0.5419126328217237,-0.9174131527201224,-0.8903919528269163,0.16548597678916827,-0.09187915933852535,-1.5108504072725253,-0.8714543652845728,-0.800290458060211,0.2496902564112516,1.0513022807516486,-0.9598924346301753,-0.5590918716156942,-0.2172756910955647,0.2668849774866967,0.3220234423195559,-0.6220480705314347,-0.7354626412315622,1.6458326187617902,-1.296943231441048,0.1983506684699995,0.2981125117339414,0.4259399554656907,0.0164824862056776,0.23990922104675114,-0.24659835377120784,-0.16551980226742627,-0.2296506810724821,-0.29870848708487086,-0.2029280485627566,-0.3438373143421357
2013-1,1.0550458715596331,1.715596330275229,0.23076923076923075,1.1666666666666667,32.60971223021583,0.6752529898804048,1.1357738646895272,1.125625,-0.21978379854815158,0.28855108025038584,2.2238820530438947,1.2398813906018864,1.3260487747409964,-0.44063175598131293,0.9279145101348338,1.0538943924384259,1.0875130352877853,-0.20866667566072597,0.31200555170020816,0.4147839438473349,-0.6267711487875506,-0.7366812462875965,1.6793094712460643,-0.022556390977443604,-0.26062592114710814,-0.225246088843211,-0.2650589404025312,-0.20891070108201765,-0.2450341857373057,0.07918149466192176,0.35249444307236366,0.29073218195086353,0.36065340909090915,0.1416190300571639,-0.29208924949290066
2013-2,1.0388349514563107,1.757264150943396,0.2882805816937554,1.1132075471698113,32.60971223021583,0.4931109499637418,1.0922719594594594,1.08261105092091,-0.12948133165466155,0.2767683285267828,2.104262755549881,1.17725649887026,1.2171881924020218,0.4629002231686604,1.0463586460561825,1.0397944550669216,1.6563429752066117,-0.21913939857515133,0.20491353280263516,0.15816431059209188,-0.6622296842168759,-0.7651493860779734,1.9605713376303016,-0.09345794392523374,-0.2151995584001789,-0.15964589411965996,-0.16471966495444348,-0.23641064328458788,-0.19129046060159796,0.11716557530402254,0.27421047609960886,0.18997500961168792,0.19720289549511558,0.22525163686113545,-0.3001746047143272
2013-3,1.0479134466769706,1.81625,-0.005909090909090889,1.1285714285714286,38.641949152542374,0.5689320388349514,1.0998013143817822,1.0987231392089691,-0.05366541052384367,0.17236526001818772,1.788397590416554,1.2175653520424703,1.232611699237571,0.6303728714411353,1.0590262822995213,1.0465357693676591,1.1978168784620398,-0.21571665633684556,0.44175004239443777,0.5517432208079689,-0.6607913704925877,-0.7625138454129545,1.948071097558529,-0.47826086956521735,-0.16165319846810694,-0.032231327897556124,-0.04125013869352489,-0.20806212938438934,-0.10802907017924177,0.011042402826855051,0.19282465891864592,0.03330330459153773,0.04302655270183562,0.0451032414349983,-0.36400586761200415
2013-4,-0.676470588235294,-0.00812485189072075,-1.1099137931034484,-0.375,0.0016589072617326916,-0.8608247422680412,-0.4038800705467373,-0.3963607594936709,0.06401891939549216,0.11796442649448599,2.2839060068133086,-0.23272956359686828,0.7329405797666888,0.6134766301719883,1.7337938102983446,-0.2263157894736842,0.31235463221521637,0.034442463080832444,-0.14830371567043624,-0.14527920360864838,0.08361874787867565,0.12139004871259575,-0.07718184970686126,-0.9117647058823529,-0.05670538648235627,0.1442790695271965,0.0545923834515884,-0.008881778896022438,0.030950455392281622,-0.013154960981047974,0.06011430478494843,-0.12608765797257326,-0.05176656297878271,0.023071409371920024,-0.2576999423704938
2014-1,0.3333333333333334,-0.008581081081081037,0.041000000000000064,0.25,0.0016589072617326916,-0.9121813031161475,0.34812286689419797,0.6401326699834163,0.6020224053428125,-0.12385323317612451,-1.429223950012303,0.3406578815362172,-0.7252494392607033,1.0684385362592876,3.4247875778427352,0.35160202360876897,1.4284390585846545,0.024389377614111495,-0.23124933883423254,-0.21147286821705422,0.061535728034588,0.08789270773521438,-0.057971552842014246,0.09558823529411759,0.29217869616540704,0.6429902189101069,0.5085018881258807,0.35418264582805636,0.4508319657214923,-0.17683429513602647,-0.22611275964391694,-0.39135351098714705,-0.33709155444200856,-0.1712162816992408,-0.3394733251466776
2014-2,0.15,0.08454511239607217,-0.3028846153846154,0.16666666666666666,0.13142826563921445,0.21745350500715313,0.4164759725400456,0.8109289617486337,0.5682295062533342,-0.1494033016080423,-1.5382125101167765,0.2243276390998614,-0.7544493296275406,1.0898508145057657,1.3578008445975183,0.005005005005005009,1.3226411131938989,-0.061564220993342376,-0.1266659072787333,-0.07111268353086858,-0.1268268000119058,-0.19418998101840385,0.14527422020937772,-0.49572649572649585,0.2978609744696952,0.5928578306623565,0.4511455091951152,0.39011887307899207,0.42978917126527993,-0.21812853255181078,-0.2295020591538749,-0.3721982149347765,-0.3108893454652187,-0.24166533737438192,-0.3585834084136115
2014-3,0.5483870967741935,0.08480999692717393,0.798463624039765,0.6666666666666667,0.12922879589546246,0.2897897897897898,1.1516079632465546,1.711882229232387,0.5427204837217697,-0.15651000691354133,-1.9095117918370899,0.30826844754293553,-0.36207758928681427,1.1100527928328912,0.7608122191361013,0.38432122370936894,1.2733614030926155,-0.08352558791664012,-0.16725476358503882,-0.18509272467902987,-0.1671418074944893,-0.24901650646875131,0.20066688215579878,0.7516339869281046,0.35935310844985136,0.503423081040574,0.4287970194274792,0.4156356312306417,0.4241190830547036,-0.2069317023445464,-0.26435651952893335,-0.33485095901026823,-0.3001111155204571,-0.2123068432671082,-0.35735908894334734
2014-4,1.6363636363636365,0.08908153861906554,1.5669050051072524,1.7000000000000002,0.1288064964205577,0.4695290858725762,2.1227810650887577,3.4325032765399737,0.5803803823320107,-0.2447661150035771,-3.0699704994744157,1.8212526596512675,9.798908606539767,0.746746580875137,0.21723715803526453,1.3655723158828748,0.5970712631419355,-0.07316940181025597,-0.14491654021244302,-0.18635122838944493,-0.15524360033030551,-0.2309661404801614,0.18379796447310207,1.676923076923077,0.5757086769246406,0.3891361557871738,0.6380696594638018,0.21168914383352655,0.48539360460796865,-0.29496159060099414,-0.36536544414712213,-0.28012848914488253,-0.3895253949601776,-0.28720935324254504,-0.3383653224067284
2015-1,1.125,0.09098343896953584,0.6381647549530761,1.1999999999999997,0.1288064964205577,0.5911111111111111,0.9974683544303796,1.9064711830131444,0.4221081031106331,-0.2717235444700326,-1.1955463331530118,1.7055675084020419,3.996647664226291,5.175023478097392,3.843536224342241,1.0935745477230194,0.1366839639543988,-0.07903872051303741,0.022154947020778866,-0.03794730633110507,-0.16963762657963016,-0.2494627709707823,0.20429379017138602,0.5609756097560975,0.6209590684691031,0.06975751105688581,0.544073964843557,-0.044813551284922,0.338663880557516,-0.3129694541812719,-0.38308164228409625,-0.065209313846916,-0.35236220472440943,-0.29974663808224516,-0.27101838463127453
2015-2,1.8695652173913044,0.01236671083349111,1.7610701107011073,2.0000000000000004,-0.0008986425767393524,0.6380255941499087,1.3796445880452342,2.101991550995776,0.2268762094823416,-0.19315390004368493,-0.29668367346938773,2.496570839590636,7.636382819742906,6.422584376826315,7.443598253339218,2.2798804780876494,0.03545032901897098,0.01303260731039748,-0.00639102647710971,-0.06017901352123408,0.025838560130897067,0.035129045473166615,-0.02519918799356971,1.7257142857142855,0.42547119655627785,0.002450929591477185,0.3385411028140998,-0.025403473629100278,0.2147120529682787,-0.2329317269076306,-0.29847748623258835,-0.0024445159215181894,-0.25291762501064824,-0.20992848127892302,-0.1934089681253376
2015-3,0.25,0.014477701192836768,2.419282511210762,0.26666666666666666,0.007004590846703653,0.5454545454545455,-0.12028469750889688,0.22140364482357494,0.2373277954897774,-0.22090990373461292,-0.40915237803633403,0.9092956403429359,0.17069904932587618,3.7764545365397173,14.690195873530362,0.3858195211786371,-0.08617749387800344,0.042037155511050674,0.12514124293785314,0.13260393873085324,0.08352741901333895,0.12469622509045736,-0.07708809177005349,2.236842105263158,0.4764655847465668,0.09574909344019195,0.46288104638007577,-0.010059780009564888,0.2957856069912087,-0.2796547925082629,-0.3227069608881928,-0.08738167065432226,-0.3164176565645111,-0.28277166678343724,-0.2211754149842978
2015-4,0.36781609195402293,0.01626500360399882,0.35315315315315315,0.4444444444444445,0.007146575796299085,0.7989556135770235,0.526290857413548,0.9027202838557066,0.12217102463035949,-0.15874512580243794,0.3498906553308598,0.6313639442663087,-0.6916821713376013,1.0784808376516126,0.43722037048692525,0.4858714678669667,-0.055839441147297886,0.011557903406579615,0.22271517302573196,0.2918810109595169,0.023258165638588315,0.023048214645955366,-0.022730711380485907,0.2954545454545454,0.29554159644553396,-0.014340050594739976,0.19715140092141012,0.05372193221679149,0.15525645485992867,-0.19756449286973235,-0.22812202885370583,0.014549246892684298,-0.16468386579334315,-0.22048163165007986,-0.15593220338983055
2016-1,-0.22647058823529415,0.015461019490254904,1.175792507204611,-0.18181818181818182,0.007146575796299085,1.0289855072463767,0.04942965779467682,0.08244912158636285,0.03979290902536022,0.003816396853443065,1.0140332812356347,-0.2089544582034871,-1.122759008029854,-0.26510195306694884,-1.0512919459488395,-0.21990464839094168,-0.09581076032131512,0.018723015922017878,0.09275713516424335,0.22072348252605772,0.038433111603843405,0.04656419529837252,-0.03700837324490788,1.1666666666666665,-0.04072578536693051,-0.052297458673250294,-0.11349402545180383,0.1598498554817641,-0.04546169058538226,-0.03061224489795905,0.04245553643144004,0.05518383570718776,0.12802431610942244,-0.09991650431394375,0.011618022102578613
2016-2,-0.13636363636363646,0.010314739794328492,-3.303030303030303,-0.142857142857143,0.007384964968755945,0.5353535353535354,0.20841819416157506,0.4140077821011673,0.15602491666718007,-0.1199654139708966,0.3789152696811871,-0.1261580875396617,-1.0505325103912526,-0.26074280999904165,-1.0283346576451187,-0.1349832979046462,0.14847946804829212,0.014473435913410888,0.1002887897085848,0.25795339412360696,0.029939522828470816,0.034728406055209396,-0.029082679795602695,-3.204724409448819,0.07495386066522458,0.0211050289205576,0.0001705277395037574,0.193011275902786,0.05281316216585737,-0.14485165794066313,-0.06972663465090496,-0.020668085380795714,-0.00017103762827820238,-0.20527156549520767,-0.11359678499665116
2016-3,1.05,0.01250271460925132,-4.840442338072671,1.105263157894737,0.00014099732105098887,1.5581395348837213,2.178802588996764,2.360634920634921,0.14216485828428244,-0.04168869208502973,0.811285138744285,1.0462859521652206,0.15065501222924124,0.3618982258098049,-0.9792215042944662,1.02109634551495,0.3236265932089691,-0.0021918344527310243,0.025734371077077673,0.13446676970633717,-0.004526950008142004,-0.016229712858926264,0.004538210937763767,-4.872340425531915,-0.016192899039686768,-0.011871166890053186,-0.08475996049202791,0.1756937919240181,-0.014458519449173209,-0.053785368340555716,0.016460345531220243,0.012014134275618317,0.09260948905109491,-0.10872325876721702,-0.06653225806451615
2016-4,-0.13445378151260498,0.004594794621931637,-4.645805592543275,-0.1538461538461538,0.0,0.15584415584415592,-0.013035381750465492,-0.00730380730380719,0.06410404401862325,0.022772594888207834,1.1434564868184824,-0.13418403332551257,-1.2125303311560367,-22.373475738470635,-21.846666169729048,-0.13816896667788617,0.09793880558204038,0.012331024404065244,-0.11066763425253995,-0.06250000000000004,0.025760121224099968,0.0378604880453537,-0.025102074890335745,-4.5,-0.07568694086208895,-0.06337065834999579,-0.12319299695187579,0.07297354780584667,-0.07092982019397227,-0.005990415335463264,0.08188512518409427,0.06765865660072132,0.14050248039686353,-0.035621404365986216,-0.047883843064566
2017-1,-0.04942965779467685,0.006490111039340567,-0.09836065573770503,-0.11111111111111102,0.003054511278195465,1.25,-0.10748792270531407,-0.07729390968986008,0.1801812043152547,0.00534557982586728,0.400943396226415,-0.028051913186547706,0.8657503565378026,-0.8462605641482522,-2.188180246160105,-0.03437738731856361,0.14396257844580465,0.01858438214172731,-0.1585561167919181,-0.15118031140130594,0.04043998705920414,0.059083273338132944,-0.038860279798960104,-0.11111111111111105,-0.04057116761574586,0.02187621119100671,-0.04232106610366409,0.04736971011287789,-0.015196536696917878,-0.03157894736842112,0.0422858191157586,-0.021408839779005536,0.04419055830998064,-0.03153988868274595,-0.1341736694677871
2017-2,0.017543859649122823,0.006168841183183744,1.0778947368421052,0.05555555555555561,0.003054511278195465,0.17391304347826086,-0.011797752808988713,0.005916345624655986,0.24278343921886322,0.011177819871909666,1.0931771766765308,0.02234985584894288,1.177158800868752,-0.20876499260008335,0.1993457158964958,0.01597331929085483,0.07346435339935971,0.011042709302153989,-0.17728465759961817,-0.19523195876288665,0.023745765446039648,0.03447121820615788,-0.02318445277872478,1.075,0.018554457972104456,0.025906464720096105,-0.032814660157190007,0.14272507173015972,0.021486296438352582,-0.017959183673469336,-0.018217015784771258,-0.02525269153524519,0.03392826595198716,-0.006867671691792283,-0.12845700468490248
2017-3,-0.6666666666666667,-0.0024512807942149795,1.206910736322501,-0.675,0.003054511278195465,-2.1,-0.7050139984728939,-0.675231437747969,0.4151126932549621,-0.046589080153815465,-0.11753700016791005,-0.6647065421437033,-1.6353014376566253,0.43649261763600233,0.20612161437753176,-0.6639270156982,-0.02993672984696014,0.033169699320643786,-0.06412923754742382,-0.07680517711171667,0.07321860891186292,0.10811206559937538,-0.06821801153574583,1.1868131868131868,0.1607431260398529,0.10186643604760126,0.08184223827207965,0.25330522734416905,0.1370529462003942,-0.09213362068965505,-0.13848367237687365,-0.09244908992611264,-0.07565002846840009,-0.1025865848312144,-0.11508793582227707
2017-4,-0.6601941747572816,-0.0011971636430609918,1.6431701972242512,-0.6363636363636364,0.003054511278195465,-1.6,-0.729874213836478,-0.7067939887288666,0.6376423793165794,-0.046191478292934185,-3.0283230140956396,-0.6552478530081799,-3.883205151135754,1.4285377501202323,1.063849622651393,-0.6548525678578403,0.16591878688742018,0.019544703279350074,0.06636746906024761,0.015881809787627058,0.04306496676193844,0.0626039044316723,-0.04131454229540465,1.606516290726817,0.24072554804982593,0.04489193236995534,0.11655908528938089,0.27227170376111676,0.1644700774105831,-0.07894736842105263,-0.19402024602133505,-0.04296289281373799,-0.10439174968429911,-0.06758192367410312,-0.16539584685269304
2018-1,1.0,-0.0011001772507793068,29.92727272727273,1.0,9.369875849143967e-05,-1.3333333333333333,0.9499323410013535,0.7492163009404387,0.7214906999816985,0.1394381392138821,25.082678638234196,0.9602165931060104,35.22989448167688,9.722674800150108,12.488979168365317,0.9624208860759491,0.30506288749107546,0.002928652906738888,0.13587115666178623,0.07731755424063119,0.006529850746268628,0.008565213450557382,-0.0064898728396570035,28.25,0.2309619162571776,-0.15796045749596468,-0.018041214918663853,0.24629708670856193,0.06697954212208142,0.11413043478260862,-0.18762650708439677,0.187592224289472,0.018373245251858007,0.1503831417624522,0.01391135554836631
2018-2,1.0,0.0061616749946352915,23.62162162162162,1.0,0.0,2.4473684210526314,0.9118817509948833,0.6758309396799345,0.646202868219714,0.17873280690478036,14.98971193415638,1.0066502431618884,44.04026845637584,1.9915332089777897,10.539592364620505,0.9944713199723568,0.3448749865555786,0.009029714536029701,0.024941995359628762,-0.018815052041633234,0.02001197567048008,0.027961362480935538,-0.01962240203077903,22.761904761904763,0.20669936795098323,-0.15317154206107053,0.08659440728503494,0.017166646678887794,0.06256879754894629,0.14089775561097262,-0.1712927852773143,0.18087549820982243,-0.079693359805868,0.16073536852757642,0.0482053060516734
2018-3,2.5121951219512195,0.011426465167711126,6.747514910536779,2.615384615384616,0.0,2.537878787878788,2.584124245038826,1.9930191972076787,0.4079730599350631,0.24249479858446726,6.204984009100861,2.543239569047055,4.826106841059294,0.010826649680916043,-0.9751954785071009,2.5035460992907805,0.28861395493602776,0.0030050592596535175,-0.05884660651235784,-0.07452499538830472,0.006919887818558694,0.025062767035193466,-0.0068527977063302225,6.470588235294118,0.07817685564532732,-0.28048196366620654,,1.6437854496573878,-0.06167065888818626,0.19792284866468837,-0.07250767020078454,0.3898183081810961,,0.21018563751831953,0.05927475592747551
2018-4,7.0,0.02566230253857026,1.696195343554798,6.666666666666667,0.0,4.142011834319527,8.681024447031431,7.4495461825947675,0.3307583361459578,0.19517831365429764,5.225455175250589,7.030315126452038,11.729242973652726,0.024531903684566175,-0.9828271981564368,6.830268741159831,0.40899475915117195,0.0003352010194734855,-0.12358117587042466,-0.15469914560988912,0.0007697044334975205,0.018863707478432006,-0.0007535452354503803,1.5785123966942147,0.16308326888373292,-0.19767498656767452,0.05920854329270677,-0.006755526612468516,0.03703320088133933,0.1461286804798254,-0.14021618965729035,0.2463758555289849,-0.05589848033839884,0.13935144609991237,0.1349013509573331
2019-1,0.1200000000000001,0.026525117787431926,-0.15520282186948858,0.18749999999999994,-9.368997985664402e-05,120.83333333333336,0.13254684247050663,0.10334528076463573,0.1721211951656221,0.08260838303905935,-0.4075646523903097,0.16455634088781873,-0.8286262376108733,-0.005520534921279785,-1.0005678478402291,0.13444869985889937,0.12969818321779333,0.008920922856084283,-0.09422531580304208,-0.0900768949102893,0.020358356502934837,0.04771961356998441,-0.01995610627719087,-0.21367521367521372,0.18589380661677812,-0.13592844052925054,,1.871536335798043,0.0788092854165797,0.025783972125435605,-0.15675441447297156,0.15731186861865926,,-0.019428254232583975,0.0928525845564774
2019-2,0.25000000000000006,0.022637255499360194,-0.2642700329308452,0.2894736842105264,0.0,5.545454545454546,0.29229854296758845,0.20494613124387845,0.060275364395409654,0.12998081838420614,-0.27276440276837516,0.2853898553180924,-0.7164953062136791,0.059377319138557136,-0.9701852793802562,0.2569300069300069,0.1249080783747671,0.009019816680510662,0.017402376910016948,0.023459812321501447,0.020577148859914653,0.04855678446182881,-0.020173740799958585,-0.31462925851703405,0.04801741816340728,-0.14296535556336787,0.01520927352218079,-0.0697721858221092,-0.012942158915279008,0.07249544626593797,-0.04581782685620154,0.16681445038757464,-0.014981722298795548,0.032693984306887476,0.12009925558312654
2019-3,0.1597222222222222,0.023688046647230274,-0.05953297408262766,0.1914893617021277,0.0029046615132348377,2.9162561576354684,0.1516610495907559,0.05354713313897002,0.06571447120690765,0.13361112905091288,-0.4490154436173942,0.1897568349936871,-0.9253876944370174,0.2764641843588619,24.53468181398356,0.16222253245846707,0.14777226655164985,0.0020380064539261273,0.035709323329164856,0.030695634841538706,0.004692561533105218,0.008121347542110656,-0.004693641618497084,-0.08858267716535427,0.030595484180834468,-0.10104872844009677,,-0.6797928026578006,-0.008765087471058981,0.09313846916026758,-0.02968763085168745,0.11240690800635784,,0.07185387021899288,0.11762124204520513
2019-4,-0.0035714285714284954,0.021604290893836416,-0.0532855939342881,0.02173913043478263,0.0029046615132348377,1.1563088512241055,-0.024290524290524286,-0.1410969291040061,0.0005499181048685002,0.24351638186636065,-0.07303077191076862,0.1427247287578155,-0.9973573019132145,4.138636231081008,167.70357084624166,-0.0029624277456647345,0.09809658184390513,0.0062366939455826866,0.12412689173457499,0.13827956989247303,0.014243962467312722,0.019260299214671095,-0.014035612359660214,-0.0913461538461538,-0.06872032017271658,-0.06925101920000672,-0.08812813707593771,-0.02829688196736913,-0.06886378081445507,0.13587059942911517,0.07379098507036229,0.07440389551962309,0.09664465168763064,0.10530769230769232,0.18258114241671666
2020-1,1.0178571428571426,0.027836557088784884,-0.6812804453723034,1.0526315789473684,0.0029046615132348377,1.129346314325452,0.7861519607843135,1.35129038079769,-0.10012339991836974,-0.1307590681524402,-3.0697632190586868,1.1664357864608939,5.350075354286686,-1.8886788836037616,-341.0900199239268,0.9895167022032694,0.1694411107729587,0.04558851581313102,0.22356624448555573,0.2851106639839035,0.11729086560295496,0.16584466269245607,-0.1049864085109475,-0.7336956521739131,0.21076388708703733,0.47247262020094793,,-0.4917691570340418,0.2805122287444165,-0.23980978260869565,-0.17407502569373068,-0.32087009289081825,,-0.3054061703934333,-0.17839416058394172
2020-2,0.3448275862068966,0.02743929688663782,-0.1794106676613204,0.3673469387755102,0.0029046615132348377,1.1055555555555558,0.2439024390243902,0.2745376955903272,-0.07832094979753892,0.10973531696011435,-0.582892884344635,0.5111820285502963,0.32378849994744036,-0.6568906225222044,-12.063054718156861,0.3409372846312887,0.20871474126106943,0.035373823800638936,0.22875816993464065,0.32629061191947367,0.08870186485831925,0.13309321670525684,-0.08147443456775443,-0.2953216374269006,-0.07422744907224377,0.20014866788139207,-0.1672410486809304,0.37426693518047216,0.0018139028619845346,-0.024116847826086942,0.0801790281329923,-0.16676880837398572,0.20082740159396487,-0.09849444209933861,0.06350612907989946
2020-3,0.36526946107784425,0.02583956330841342,0.13533424283765358,0.4107142857142857,0.0,1.0515723270440251,0.2694397993311036,0.30642929619038817,-0.13690725668892234,0.12932461904711898,-0.4290515002507279,0.564488282610776,1.1049342053257587,-0.6485730356764904,-3.345958244111349,0.3642042042042041,0.18852847120186694,-0.00019608657007375499,0.2832036490474914,0.40688454844324123,-0.00045199783041043116,0.1485017688930567,0.00045465255584427805,-0.0345572354211664,-0.12226762414077509,0.21027874604650298,-0.20564808243886568,0.3316015320922198,-0.03209568717135839,-0.028325402220711556,0.13930004746903724,-0.17374411996082653,0.25888813178884934,-0.12315224555126637,0.08904378558806206
2020-4,-0.3906810035842294,0.10148413210535567,0.026028921023359262,-0.3617021276595745,0.13934694258887292,0.24454148471615705,-0.393640621148632,-0.3311998822923563,-0.13717890706990785,0.0030568377240680006,-0.9831034025336605,-0.4346486328139304,-24.39463910867108,-1.5357090774326616,-1.3720029980892254,-0.4241974056091021,-0.032470669789620744,0.012210911304028344,0.3339805825242719,0.4798790855847346,0.028846153846153834,0.1861225895316804,-0.028045548053592145,-0.21340388007054673,-0.06143831240683285,0.13547949098487486,-0.11028840125967311,0.19345500451641687,-0.008228857558853525,-0.09331546322667109,0.06546035125066513,-0.11931475300811605,0.123959688890234,-0.19611663998886494,0.05308132377435
2021-1,-1.831858407079646,0.07918925972105428,-0.4344978165938865,-1.8974358974358978,0.13934694258887292,-0.2984977139124756,-1.7588336192109777,-1.7615995701730822,-0.017832181743431954,0.17075174830120562,1.9986723515753397,-1.857392486935288,-2.7775055672893165,-3.0031322918435515,-0.3531267091972749,-1.8416540144681612,-0.579845851930779,-0.01656875023147411,0.13386834147476154,0.1958666040394551,-0.04265235888681136,0.07522807533843434,0.044575738900349424,-0.5102040816326531,-0.09002169429826418,0.04376179075620862,-0.09009272463215728,0.01338720669847149,-0.04902190035600581,-0.003574620196604089,0.09892673821745215,-0.04192728022544516,0.0990125794670635,-0.11654441727791366,0.30028429282160635
2021-2,-0.9897435897435898,0.027054456881053228,-0.3554545454545454,-0.9850746268656716,0.05984023917410208,-0.2908970976253299,-0.9176840547539771,-0.8952487244897959,-0.0733906311647597,-0.05648491979838782,-2.0418511140622697,-0.9916261141290313,-3.6247657465933996,-2.6129684507222035,-5.175630355721117,-0.991519761525415,-0.30497355347477356,0.005403556013585623,0.09404708012675413,0.1423204087766757,0.014237250431010548,0.15431771739953076,-0.014028942560812475,-0.45643153526970953,0.12988201417782058,0.1928402018248836,0.14963057023113224,0.15232568523281753,0.15078477901738838,-0.21441002436477546,-0.11495205398366279,-0.1616651956457782,-0.13015503090485353,-0.3182456687997503,0.06735175670045826
2021-3,-0.8728070175438596,0.027617918389774117,-0.0999759673155492,-0.8607594936708861,0.05984023917410208,-0.28080931943592885,-0.8381360118557549,-0.7900868460072018,-0.04869055551163769,-0.09678233834572413,-2.2686897817395293,-0.875849972991583,-3.192771627285154,-2.1119636157825306,-4.710903784153827,-0.8716210266795809,-0.1952665434637925,0.03907612227894426,-0.0010454783063251446,0.032302405498281735,0.09957492990865523,0.13104472072740767,-0.09054420730695992,-0.22595078299776283,0.15763345454972133,0.196750840595622,0.18075179083677848,0.15857622120137344,0.17089646142322495,-0.22901119402985076,-0.13616908450437473,-0.16440299232488098,-0.1530820173204279,-0.3138623429614517,0.016587036870098236
2021-4,-0.8176470588235294,-0.05552005112637799,0.32718993928881174,-0.8166666666666668,-0.07134071340713405,-0.22877192982456135,-0.705691056910569,-0.6252337476625234,-0.026490357158546675,-0.09640448130884229,-32.53549231272489,-0.8075758052281709,-0.8579957620976926,0.20538363433778353,1.1334021830558234,-0.8063683846202254,-0.03918726988176334,0.018921436968486,-0.1337214944201843,-0.11285586620707269,0.04740705799109645,0.06818841631586586,-0.04525797009032596,0.3139013452914798,0.15768554538045113,0.2714978954498413,0.16284736586367307,0.2371614248500711,0.19289514161108934,-0.2145232815964524,-0.13620754245754238,-0.2135255702079459,-0.14004146584453006,-0.2756471301186045,-0.022624123229266904
2022-1,1.2340425531914894,-0.04457520554570373,-0.16216216216216212,1.2285714285714286,-0.07117671176711766,0.09683426443202986,1.3467450271247738,1.380347694633409,-0.0973907078737862,-0.06250764821939601,-1.3660747751124438,1.239192349440472,1.6671677276525365,1.1201250335454098,1.4382983868506376,1.238009337860781,0.9793223270562754,0.004597290722845846,-0.09365063083393162,-0.1013354281225452,0.011775029012992119,0.016114133223853147,-0.011644338929399103,-0.12499999999999997,0.007702422118166092,0.1622624560534021,0.03714570476269573,0.09045122144992446,0.059690917947128365,-0.08878923766816149,-0.007643312101910929,-0.13960829327785343,-0.03581538461538463,-0.08625461254612544,0.06969117245148954
2022-2,25.5,-0.009288799796719318,-0.05077574047954874,18.0,-0.0016748942172073453,-0.36093023255813955,2.8898876404494382,3.1775748351090822,-0.05344864292577965,-0.054520603945728996,0.034770292998141196,31.212789119599083,32.4763721403029,1.4596731813191692,1.3598164130789536,31.59393939393939,0.15984147952443856,-0.0006006891392372331,-0.11285817730423087,-0.13906064991448497,-0.001590173822448936,-0.0009179124049303999,0.0015902716227701153,-0.038167938931297746,0.06465412691925586,0.17752695151102607,0.03228726412889715,0.19834565852877692,0.10349858515904281,-0.0686752326096589,-0.060727661851257345,-0.15076329180557985,-0.031277302114275776,-0.06570512820512821,0.06258131667967738
2022-3,1.1379310344827587,-0.010581414982833302,-0.17036048064085454,1.0,-0.0016748942172073453,-0.3861892583120205,1.3163784333672433,1.3383787420114364,-0.01967650986793304,-0.03829629846109635,0.6043065859354012,1.1338698238049778,2.294593823143232,1.2726623603190055,1.3435970040535234,1.1567215363511658,0.04950465874199239,-0.03653748122838683,-0.20690737833594974,-0.28495339547270304,-0.08819981356582779,-0.11911011943824648,0.09672830725462295,-0.049132947976878616,0.10200532308921617,0.15286000296249572,0.061960241882569995,0.1931003752933939,0.11962866800460106,-0.009376890502117336,-0.09256336051916164,-0.13259231699376797,-0.058345864661654215,0.04147104851330198,0.052496231267181115
